Category,Slope
bed_bath_table,14.482023721208831
health_beauty,10.83242158015559
garden_tools,6.806415025594796
